"","day","NO2_mean","SO2_mean","Ozone_mean","PM2.5_mean","ratio_mean","NO2_sd","SO2_sd","Ozone_sd","PM2.5_sd","NO2_median","SO2_median","Ozone_median","PM2.5_median","NO2_IQR","SO2_IQR","Ozone_IQR","PM2.5_IQR"
"1",2019-01-01,80.0239130434783,8.39478260869565,82.3091304347826,66.8152173913043,NA,21.287785814903,2.41690235550538,46.9264058164042,20.7483867652327,81.57,8.2,84.87,70.75,32.4,3.325,65.64,27.875
"2",2019-01-02,77.1258333333333,7.79416666666667,79.0833333333333,51.8333333333333,NA,17.6026808523135,3.11477393508207,48.1761994879365,15.9722358748104,79.225,7.7,95.99,49.375,20.1775,5.0275,90.285,20.125
"3",2019-01-03,79.6420833333333,8.94652173913044,76.1209523809524,53.5869565217391,NA,19.4671993875019,2.63097736539735,40.1285186500526,20.334784446805,81.415,9.75,76.63,54.75,17.1625,3.975,51.11,34.875
"4",2019-01-04,82.4525,8.61416666666667,59.66125,56.84375,NA,13.7406383150255,2.53717219628924,36.1394045224756,23.4078689505121,86.5,8.125,60.025,50,16.5575,2.845,57.7825,14.3125
"5",2019-01-05,82.3020833333333,8.21291666666667,74.1404166666667,50.0520833333333,NA,14.9132182334904,2.45957486458387,43.1537969994648,12.8921064421022,85.025,8.62,82.535,50,15.465,2.7025,69.4825,19.25
"6",2019-01-06,75.11625,6.00625,101.667083333333,60.7291666666667,NA,15.0352446264855,2.44090292007228,52.0015218405374,12.5570257197927,78.485,5.72,97.19,61,25.5125,3.9,79.1225,16.625
"7",2019-01-07,84.02875,8.69375,98.3775,65.4347826086957,NA,20.1463863007305,2.53511994828133,52.6713817107145,16.1164472369534,88.46,8.96,108.44,63.25,30.545,3.9025,80.7975,17.125
"8",2019-01-08,84.8579166666667,7.64,72.6195833333333,60.3586956521739,NA,16.3878931927537,2.35155637638232,65.8906334624255,14.2883904890228,80.825,7.335,35.67,58.25,17.445,2.2425,125.745,15.875
"9",2019-01-09,87.2870833333333,11.8854166666667,101.549090909091,64.7083333333333,NA,18.6740576804727,4.61566800400423,63.5445652323058,22.6383027990878,91.075,10.63,117.13,59.625,23.99,7.6925,111.515,22.1875
"10",2019-01-10,91.8620833333333,9.50291666666667,86.4,69.1354166666667,NA,15.791787898659,2.88527970035409,62.2543069926124,22.3741625015313,93.415,9.735,81.56,63.75,20.24,2.4525,106.805,23.875
"11",2019-01-11,87.2545833333333,9.64375,92.185,68.1354166666667,NA,23.2672912754601,2.41910118504338,56.0527418088153,16.5093812538223,92.76,9.495,87.51,64.75,35.7725,3.6475,75.1425,12.875
"12",2019-01-12,87.25375,9.15,84.9545833333333,75.6770833333333,NA,20.7157517913932,3.46867409826867,56.3225529759783,16.2233860935558,83.775,8.7,73.325,73.375,23.31,4.315,91.8025,23.625
"13",2019-01-13,73.7719047619048,10.0895238095238,76.9709090909091,60.8815789473684,NA,18.531833589542,5.45426665665557,56.6613187035868,14.5853256784413,68.83,9.62,63.92,56,32.1,8.52,91.6175,15.625
"14",2019-01-14,81.9358333333333,8.83041666666667,65.6140909090909,70.7368421052632,NA,20.318072468632,2.51523614444426,46.4999935134753,15.9646905710458,82.35,9.23,57.77,69.25,26.7025,2.4575,70.5275,22.75
"15",2019-01-15,81.3341666666667,8.97083333333333,77.8441666666667,56.0434782608696,NA,13.0627994591567,4.22149151126828,48.2040611600189,25.082777975897,81.54,8.86,92.88,49.75,14.56,4.69,76.6925,15.5
"16",2019-01-16,81.6382608695652,7.18458333333333,115.458181818182,64.445652173913,NA,21.776561764716,3.22607040431904,60.4979183928681,18.5883878283012,77.32,7.04,121.89,65,28.035,4.5575,104.995,24.5
"17",2019-01-17,NA,6.60541666666667,76.8970833333333,66.8645833333333,NA,NA,3.1968476037261,50.687481215708,12.7191611629229,NA,6.64,81.955,65.5,NA,4.5625,94.215,13.25
"18",2019-01-18,NA,6.27333333333333,71.9620833333333,78.5729166666667,NA,NA,2.23023817536168,38.9173409408428,21.7074770687062,NA,6.415,81.88,76.25,NA,1.615,64.8675,18.625
"19",2019-01-19,NA,6.54708333333333,59.5920833333333,68.4479166666667,NA,NA,2.02413584173521,41.9472270917686,22.8425588643439,NA,6.695,63.97,67.75,NA,2.7725,69.64,21.375
"20",2019-01-20,NA,7.675,83.8533333333333,48.0208333333333,NA,NA,3.00041839187734,40.4957206184283,12.3398252107509,NA,7.605,87.32,44.5,NA,4.1875,58.0425,12.8125
"21",2019-01-21,NA,6.11,100.01375,55.6770833333333,NA,NA,3.12203807458052,43.745192015312,17.0409479934214,NA,6.635,103.39,59.125,NA,5.0025,66.7025,19.5
"22",2019-01-22,NA,9.41833333333333,91.917,85.625,NA,NA,6.231548531581,70.0767557453217,27.851834811749,NA,8.145,100.425,73.125,NA,7.74,133.1975,26.5625
"23",2019-01-23,63.4269565217391,11.1779166666667,73.1294444444444,61.8913043478261,NA,27.754983735077,3.56826224807181,55.9981874152267,12.5961813493209,56.97,9.825,53.58,61,23.94,4.7675,31.0375,11.75
"24",2019-01-24,59.57625,8.3475,77.4871428571429,52.6354166666667,NA,19.8580899761281,2.69267000189968,53.4249867705044,15.0731872453003,54.415,7.96,63.84,48.375,22.7325,3.5575,57.23,16.5
"25",2019-01-25,51.94875,10.10375,87.0841666666667,38.2083333333333,NA,16.665102384924,3.31682379825876,48.5471746293515,11.7957404495701,52.48,11.11,86.955,40.375,17.9025,6.5325,86.315,19.375
"26",2019-01-26,51.9941666666667,10.8779166666667,77.7954166666667,51.6354166666667,NA,13.3304182773563,2.6653721155765,47.7451937921884,9.2668703873186,48.21,10.76,80.165,50.875,16.365,2.6625,77.5775,12.3125
"27",2019-01-27,44.6575,12.8304166666667,80.7175,42.1145833333333,NA,11.4147803688711,4.16089505334219,41.9104961689841,9.45584106537452,42.35,12.55,74.38,42.875,10.6775,5.515,40.8375,11
"28",2019-01-28,46.5541666666667,8.1825,81.4820833333333,38.78125,NA,13.4506977083191,1.58389517110302,43.3324478260974,7.9047703332696,42.485,8.525,66.295,39.375,18.9875,2.0325,69.875,10.25
"29",2019-01-29,50.32125,10.28625,69.08625,41.5520833333333,NA,19.4536209466203,1.94272961823441,38.3354013722247,11.7514983241423,51.9,10.045,70.86,40.5,26.8675,1.7575,47.005,15.9375
"30",2019-01-30,61.7341666666667,9.05875,90.8445833333333,57.2717391304348,NA,25.5833830099126,2.62451703631602,55.5351270724149,15.0680111651906,59.29,8.915,79.16,53.5,24.0825,3.79,78.87,14.75
"31",2019-01-31,70.9591666666667,11.83375,102.76875,52.8333333333333,NA,17.1746453457888,3.63814072498338,47.7401833581022,9.96670180789694,73.425,10.515,106.525,51.625,22.965,6.3725,55.305,12.9375
"32",2019-02-01,76.2254166666667,11.3929166666667,85.8595454545455,57.4270833333333,NA,22.8128867050805,5.77131021155257,58.1699658617312,10.4975357270447,77.46,9.32,85.85,53.5,27.29,7.3625,92.235,16
"33",2019-02-02,80.01125,10.7404166666667,83.0770833333333,52.3229166666667,NA,19.2151283950727,2.49973299298783,49.3715567190495,8.22789501273441,83.49,10.16,80.29,50.25,28.245,3.0375,71.8225,9.1875
"34",2019-02-03,68.3320833333333,10.1595833333333,95.6766666666667,43.8125,NA,11.2206978699369,2.30068322397966,49.3054549999655,12.303510015262,70.68,9.715,93.76,41.75,9.48249999999999,2.6525,82.91,15.1875
"35",2019-02-04,67.5845833333333,8.16875,62.5041666666667,41.5104166666667,NA,17.9729352032115,3.99735816291319,31.7372621372893,12.2222354317561,75.295,8.475,67.815,37.75,25.275,5.55,56.27,13.625
"36",2019-02-05,64.1008333333333,8.63833333333333,90.36375,44.945652173913,NA,13.536609271886,3.86624260543205,28.0962045730921,5.18134575892381,69.61,8.185,94.495,44.5,21.8475,4.5175,24.92,7
"37",2019-02-06,76.99125,12.3829166666667,121.479166666667,58.5340909090909,NA,17.8371964341495,5.04247478850947,52.6313728490053,9.41607524097609,76.3,11.66,136.415,56.375,30.8075,8.31,80.3775,12
"38",2019-02-07,75.7504166666667,12.6491304347826,82.3436842105263,57.6304347826087,NA,21.1051639012139,3.90579745441833,51.5422036577283,10.8938237206647,76.365,12.52,80.66,56.75,36.035,6.59,80.655,17.25
"39",2019-02-08,61.4266666666667,10.745,102.6825,53.125,NA,18.4441888260036,4.21600160877785,58.1720117410426,10.4655231074726,58.26,9.24,113.705,50.5,23.0275,7.7675,90.3225,16.625
"40",2019-02-09,81.655,13.8154166666667,56.247,74.2395833333333,NA,19.9811250064089,5.64881902175842,57.9264918123324,20.6321929705827,75.675,13.575,28.96,64.625,33.225,7.715,74.8025,26.4375
"41",2019-02-10,67.3245833333333,8.06173913043478,54.2541666666667,55.4583333333333,NA,11.9841181058667,2.50677382700611,47.0981013110024,15.2027362144384,65.18,8.12,29.645,58.375,15.2175,4.29,78.1175,24.375
"42",2019-02-11,59.9216666666667,8.117,47.1420833333333,46.4347826086956,NA,8.75816521715676,3.24366767718273,23.82372583922,10.3529248697981,60.3,8.75,45.715,47.75,14.13,3.4375,38.4925,7.375
"43",2019-02-12,70.8016666666667,7.7975,66.2483333333333,52.1145833333333,NA,16.8810559289211,2.26850889544116,30.669084372245,10.4979240097503,76.275,7.535,64.71,49.5,27.6,3.2325,42.455,16.5
"44",2019-02-13,74.2775,6.31875,74.8079166666667,52.4347826086956,NA,16.2831028049485,2.39834057214567,40.4991620932288,13.9023006171854,78.26,5.46,81.025,49.5,20.6275,2.8575,68.6275,11.5
"45",2019-02-14,67.8775,6.41458333333333,71.2345833333333,39.9270833333333,NA,11.050807662791,2.39207019521597,37.8585447226183,15.9954951482044,64.315,5.945,90.405,35.625,11.37,4.35,51.63,18.3125
"46",2019-02-15,64.5533333333333,5.61739130434783,74.6190909090909,34.6666666666667,NA,19.7645610971334,4.21291220523427,51.7831110460775,8.90341694706776,58,5.97,64.385,32.5,33.005,5.75,63.03,9
"47",2019-02-16,70.715,7.01833333333333,78.6313636363636,47.8152173913044,NA,25.7626301654835,3.78574289609877,46.7128786458861,21.5534770174444,63.275,7.34,67.03,40.5,31.005,4.395,54.6425,19.625
"48",2019-02-17,66.555,8.11125,71.3116666666667,43.6590909090909,NA,15.1453459632927,3.03587866014609,49.840234198161,10.799731438059,65.71,8.38,64.975,44.375,14.45,2.1075,80.5375,17.5625
"49",2019-02-18,75.3379166666667,7.92666666666667,54.5927272727273,44.7083333333333,NA,18.3418058897455,4.39389365475262,67.3890912594852,20.0097349496095,66.58,7.885,11.96,36.875,18.395,4.865,101.7,29.625
"50",2019-02-19,60.2508333333333,7.61,76.8195833333333,42.1666666666667,NA,16.1549491452018,1.88103453160512,48.6949488925179,7.25306032361313,57.28,7.67,59.855,42.25,19.8975,2.49,59.3725,10.4375
"51",2019-02-20,58.32125,6.48708333333333,49.1070833333333,35.5978260869565,NA,13.1792825932944,3.73227926534079,21.3109466623359,6.18637576124249,61.69,6.315,45.325,34.75,22.4675,4.9275,38.9575,6.125
"52",2019-02-21,65.3833333333333,8.153,43.45875,46.1458333333333,NA,11.6727079182565,3.42252461449762,26.2021247582677,10.9928130342418,66.79,7.95,41.33,45.125,15.1375,3.3575,48.235,14.5625
"53",2019-02-22,NA,NA,NA,NA,NA,NA,NA,NA,NA,NA,NA,NA,NA,NA,NA,NA,NA
"54",2019-02-23,NA,NA,NA,NA,NA,NA,NA,NA,NA,NA,NA,NA,NA,NA,NA,NA,NA
"55",2019-02-24,78.7558333333333,10.1183333333333,60.74375,45.59375,NA,11.2543942786678,6.28849513114964,37.0315402364337,17.6717984155301,78.425,10.19,61.165,44.5,11.82,8.0475,52.4575,20.125
"56",2019-02-25,74.5233333333333,13.5521739130435,82.9631818181818,39.3152173913044,NA,19.3852964599611,7.53843000083375,57.3561868117504,18.0142332285954,72.07,11.88,68.73,29,16.4575,8.405,88.19,25.875
"57",2019-02-26,73.8575,15.0169565217391,71.7195833333333,57.3804347826087,NA,23.1100618496717,7.44005219604284,57.8754876008508,16.1505469871515,65.015,14.15,48.865,51,13.905,11.79,95.7875,15.125
"58",2019-02-27,55.5316666666667,9.71208333333333,64.0416666666667,48.2386363636364,NA,24.961293107994,5.09670224084987,57.1951714035727,13.9901064686559,47.65,9.7,47.69,45.25,15.26,8.29,79.1575,14.5625
"59",2019-02-28,69.9658333333333,11.7179166666667,54.609,55.0416666666667,NA,21.8460520593473,5.70838283592203,52.0675760203179,16.08227262403,62.86,11.915,38.455,53,31.515,6.7025,59.68,23.1875
"60",2019-03-01,75.5891666666667,12.05625,48.9135,59.6086956521739,NA,28.6057157433336,5.62169540611464,62.5184113744861,10.9702143446151,70.775,10.585,22.07,57.5,43.1825,7.755,46.2225,14.875
"61",2019-03-02,54.7745833333333,7.17458333333333,60.2858333333333,40.4545454545455,NA,13.9464182651868,3.27101497234045,43.3978610890151,7.71348400515847,58.025,7.325,39.775,39,23.655,2.9425,65.2525,12
"62",2019-03-03,57.425652173913,8.48916666666667,73.48125,NA,NA,20.3351940389265,4.07397030646653,62.9881324441704,NA,49.08,9.11,49.085,NA,30.605,4.63,95.74,NA
"63",2019-03-04,48.5104166666667,11.5408333333333,82.3078947368421,39.2727272727273,NA,11.2470983617096,3.16310650368007,50.1411078389941,11.828866299104,50.05,10.43,64.05,41,16.4,3.64,75.24,17
"64",2019-03-05,60.49125,6.28,67.3970833333333,46.0476190476191,NA,24.2683575181848,2.52714480581648,45.2960272256578,14.2635065480975,55.15,6.315,56.775,43,22.87,3.1675,76.73,8
"65",2019-03-06,NA,7.65652173913043,56.9654166666667,53.7368421052632,NA,NA,3.42982189929296,53.7111253133607,10.6814590413231,NA,8.15,33.71,52,NA,5.53,74.215,12.5
"66",2019-03-07,NA,11.88125,37.7580952380952,70.8571428571429,NA,NA,4.10992363464441,56.7572910399226,22.8654449208532,NA,10.71,4.05,69,NA,6.61,67.44,31
"67",2019-03-08,NA,11.1408333333333,31.1361111111111,57.4090909090909,NA,NA,3.90915193367816,40.4737565138186,13.3938830775882,NA,11.19,16.75,55.5,NA,5.1125,28.53,17.5
"68",2019-03-09,NA,7.85375,64.0908333333333,52.55,NA,NA,3.86824059826776,54.1464954036063,9.37788552084665,NA,7.715,39.415,52.5,NA,3.0775,77.965,11.25
"69",2019-03-10,NA,9.38416666666667,64.75625,37,NA,NA,4.13711611030497,38.4850075622341,6.05853797156882,NA,9.145,54.575,37,NA,7.47,60.1625,7.5
"70",2019-03-11,NA,11.5145833333333,84.8045833333333,34.5454545454545,NA,NA,3.20409924826832,38.8804712329609,7.0671255874835,NA,11.315,84.885,35.75,NA,3.87,55.045,9.625
"71",2019-03-12,NA,15.6658333333333,103.3475,47.2272727272727,NA,NA,6.83130003329729,38.7321949276444,9.96628515680942,NA,13.56,118.16,47.5,NA,12.3975,59.03,12.25
"72",2019-03-13,69.25,18.8454166666667,97.0841666666667,51.3888888888889,NA,9.99635498786824,11.5723283062457,45.3364368209853,10.6998564525219,70.325,13.685,100.64,47,10.49,19.805,66.98,12
"73",2019-03-14,61.27375,10.7465217391304,101.34875,44.125,NA,7.5724034508034,6.03580122624062,52.2603150053319,8.29649596143427,63.765,10.5,93.59,45.625,7.825,7.38,103.8625,13
"74",2019-03-15,69.2491666666667,12.14625,50.7304347826087,42.5795454545455,NA,13.610587923495,4.75275555084489,24.6626717343255,10.277224693593,73.45,10.76,47.23,42,25.635,4.9625,23.14,14.0625
"75",2019-03-16,75.86875,9.34708333333333,33.3691666666667,46.6354166666667,NA,18.8233378069792,4.44162179464513,23.8006910598734,8.62629296126808,77.125,8.735,30.28,43.375,27.4575,4.1475,32.265,8
"76",2019-03-17,76.7129166666667,6.93416666666667,81.2675,44.0238095238095,NA,14.6282637322015,3.53439487061778,33.0080234317289,8.37776251524861,79.6,5.665,87.03,42.25,21.5575,6.6375,45.6725,11.25
"77",2019-03-18,66.38,10.7616666666667,89.4,39.8478260869565,NA,19.480371838251,3.80326366332307,42.3813041225779,7.95075008269474,63.085,10.7,76.605,42.75,37.215,4.08,41.2875,10
"78",2019-03-19,62.6883333333333,7.3425,68.61375,40.0520833333333,NA,17.2883297321498,3.9042866631212,35.5506833313523,10.3003744039874,59.86,7.85,58.995,37.625,25.9,5.605,25.465,16.6875
"79",2019-03-20,62.6025,9.7625,61.29125,40.6086956521739,NA,16.6605611497959,4.1920009230832,23.1976749795431,6.04426197039791,60.34,10.05,65.18,40.25,29.2225,5.33,28.8575,6.875
"80",2019-03-21,66.6225,8.86363636363636,77.11375,39.8913043478261,NA,19.1455162760961,3.77717146055408,38.9881855920594,6.39105646718901,68.635,8.31,68.425,40.5,32.855,6.2,44.7175,7.25
"81",2019-03-22,67.1345833333333,12.5718181818182,73.5058333333333,39.875,NA,18.936188491918,7.03253367358663,36.1255158430649,10.1625377693292,62.04,11.4,65.6,41.625,27.38,8.3125,45.165,15.75
"82",2019-03-23,70.0216666666667,7.87416666666667,67.39125,40.6458333333333,NA,21.3678795242373,4.47997274512931,29.0162322356328,7.78861929867612,63.3,8.16,67.43,41.5,37.845,6.775,30.44,11.25
"83",2019-03-24,61.03875,5.63208333333333,77.885,39.0108695652174,NA,13.249244543681,2.95609316080571,22.9584450692986,6.43520071951103,59.035,5.14,76.96,39.75,19.7625,5.325,34.3925,10
"84",2019-03-25,67.30875,10.9979166666667,65.0045833333333,43.0476190476191,NA,17.4140606139182,4.77608806557678,25.402000088861,6.68329028605066,65.67,10.955,61.075,44.5,31.4325,4.76,34.11,11
"85",2019-03-26,67.7479166666667,10.22,78.3408333333333,44.6739130434783,NA,16.8846490556329,5.64240852057377,20.2430223977819,7.43625745258902,63.775,9.8,78.8,44.5,26.905,9.8375,29.7625,9
"86",2019-03-27,75.6591666666667,12.0472727272727,73.0695238095238,53.4021739130435,NA,25.2809022122761,6.52149280443277,31.4737728078777,11.1998222212034,68.875,13.415,73.31,51.25,39.805,8.025,38.05,12.75
"87",2019-03-28,81.2979166666667,9.21333333333333,53.4045833333333,58.3125,NA,21.5772414280632,4.63687754133461,25.7580540345137,10.5805014469809,79.19,8.7,55.43,55.75,35.3875,5.22,43.0075,7.5625
"88",2019-03-29,75.2245833333333,8.83833333333333,76.0183333333333,55.6521739130435,NA,26.6035574573037,3.9114610487939,43.430596474662,11.2446298118143,64.1,9.715,75.68,56,39.5175,5.87,48.36,13.5
"89",2019-03-30,75.2666666666667,6.54166666666667,58.2116666666667,50.6666666666667,NA,26.7129796926133,3.21145605605931,35.586396480857,7.94056271506523,66.7,5.76,54.255,48.625,47.02,3.2675,66.585,7.5
"90",2019-03-31,63.1879166666667,NA,55.87,47.7916666666667,NA,17.5093654390932,NA,29.7174415189932,5.41518931915763,62.625,NA,46.36,48.125,30.9625,NA,53.385,5.875
"91",2019-04-01,66.1483333333333,5.10347826086957,56.96,46.0434782608696,NA,19.3752378199523,0.942543023834274,26.2061320404546,4.34888450555861,65.49,5.3,53.04,46.25,33.6275,1.01,35.12,6.375
"92",2019-04-02,68.5404166666667,5.51333333333333,57.475,47.8541666666667,NA,24.3346333048129,1.28860445803798,37.5671654738434,8.14405513598545,65.91,4.985,46.55,45.5,33.6475,1.4175,45.485,9.125
"93",2019-04-03,69.0575,5.10608695652174,66.8325,46.8152173913044,NA,10.2049089849594,2.97602348953712,24.9048837972901,8.74227496373238,68.085,4.85,72.07,44.75,15.1175,4.33,23.4875,9.5
"94",2019-04-04,59.2770833333333,9.47791666666667,60.6508333333333,36.2613636363636,NA,8.17298704331195,7.84166074866169,15.4576141127268,4.54375374024034,59.125,8.25,60.08,36.875,13.3975,9.7325,25.125,3.375
"95",2019-04-05,61.5383333333333,7.0075,63.66,45.6770833333333,NA,14.8973979830931,1.91685033776539,29.8789594429141,10.0988266555497,63.345,7.165,62.425,48.25,19.3875,2.4925,48.04,11.75
"96",2019-04-06,63.2825,NA,71.8804166666667,46.1413043478261,NA,19.3560500035294,NA,32.7585627012789,6.09714262760384,58.15,NA,72.35,44.5,30.39,NA,38.9175,7.25
"97",2019-04-07,61.0808333333333,5.64818181818182,72.8175,39.8958333333333,NA,22.1986027599206,3.55055547145009,30.4406329206325,6.16040859505041,56.4,4.31,73.665,39.125,34.4625,4.72,46.4625,5
"98",2019-04-08,60.4454166666667,4.92055555555556,65.99,37.7708333333333,NA,19.5212684413173,2.58718214239131,30.3870813511841,10.091138134055,56.85,4.735,68.41,36.125,35.335,4.9425,45.61,15.3125
"99",2019-04-09,59.8408333333333,3.76761904761905,72.8116666666667,40.625,NA,9.97928328726749,2.34349078249074,18.9027280448149,9.10028666533667,60.825,3.45,70.025,39,13.99,3.3,23.295,9.25
"100",2019-04-10,63.6616666666667,NA,54.3208333333333,52.9886363636364,NA,8.25937763034115,NA,27.9071061414186,10.044388765425,63.625,NA,48.82,50.125,8.89250000000001,NA,29.3975,15.375
"101",2019-04-11,54.1557142857143,NA,55.7854166666667,44.8020833333333,NA,14.9227563041914,NA,28.7900118518131,4.26625992315096,50.25,NA,47.08,45,22.14,NA,42.1525,5.1875
"102",2019-04-12,64.08875,4.51368421052632,56.4470833333333,52.2604166666667,NA,17.0925898799552,2.28002731593363,29.7818140422125,15.7522391725518,64.335,3.73,45.515,50.75,19.92,3.125,41.7025,19.4375
"103",2019-04-13,55.2516666666667,9.13086956521739,70.165,39.90625,NA,13.5513441228622,6.87850665151533,24.3520458920895,4.92046110644114,56.95,7.58,75.405,40.75,26.81,4.9,36.3975,6.5
"104",2019-04-14,52.60125,8.94526315789474,73.8029166666667,36.3863636363636,NA,10.8734940236618,3.44939023342621,24.8915329552504,6.01621186418873,52.81,10.38,81.355,36,8.39250000000001,4.7,25.62,6.4375
"105",2019-04-15,58.99125,10.6220833333333,71.5958333333333,43.1304347826087,NA,22.7828918102845,6.35878165741415,39.681205595801,7.5516665699824,50.65,8.215,79.115,40.75,26.1725,8,73.8125,8.25
"106",2019-04-16,58.5920833333333,6.70625,57.88625,38.554347826087,NA,23.8565949279852,3.72368192320684,35.306800652036,8.69820923371689,52.09,6.21,48.7,39,20.955,4.8725,54.68,9.75
"107",2019-04-17,55.0233333333333,8.44791666666667,33.665,44.84375,NA,22.3704802900116,3.95966619054936,26.0813294873188,6.02071266365211,51.015,9.425,27.98,43.625,28.7875,4.1,31.58,8.4375
"108",2019-04-18,59.3308333333333,6.52958333333333,54.31875,37.0416666666667,NA,9.47977110192686,3.10214158728067,44.3931358102265,9.22091981956467,58.54,6.39,28.82,35,12.265,3.8675,77.56,9.875
"109",2019-04-19,54.3629166666667,6.35157894736842,55.2904166666667,30.3645833333333,NA,17.7212759573901,3.42012225765541,27.9552301210916,9.41638810989818,48.285,6.1,46.46,28,20.6125,5.905,37.625,13.125
"110",2019-04-20,55.8633333333333,9.30695652173913,62.8754166666667,32.9166666666667,NA,17.0284295956131,5.24311881056114,33.5615060266276,10.0153867131775,53.75,10.2,51.825,32,22.485,8.055,51.3325,12.4375
"111",2019-04-21,56.8604166666667,7.90380952380952,63.8041666666667,29.0729166666667,NA,21.6112216179197,4.69384434785654,35.1366294585884,10.1885696735486,47.225,7.4,60.625,25.625,28.6125,6.7,39.54,9.4375
"112",2019-04-22,61.0429166666667,7.60083333333333,49.78375,41.03125,NA,22.282260926413,5.29953723711196,30.2429798986835,10.0071475814735,60.74,7.44,45,39.125,31.1475,9.1825,43.935,14.3125
"113",2019-04-23,65.8654166666667,NA,72.9979166666667,35.9166666666667,NA,19.3814604329625,NA,33.4261453225344,8.4095787345594,69.3,NA,66.345,38.25,30.9275,NA,44.6225,12.25
"114",2019-04-24,75.2720833333333,6.7,63.61125,39.0833333333333,NA,18.553167309388,3.48216324568008,21.6299826755242,8.030738049718,76.275,6.54,65.93,35.5,26.2525,5.17,15.71,11.1875
"115",2019-04-25,71.4316666666667,9.54083333333333,71.3370833333333,45.5104166666667,NA,22.5728641758517,4.82692621309531,33.7345336515625,8.13589709607804,65.175,9.89,70.48,44.875,33.6075,6.9925,33.21,10.5625
"116",2019-04-26,NA,NA,NA,NA,NA,NA,NA,NA,NA,NA,NA,NA,NA,NA,NA,NA,NA
"117",2019-04-27,NA,NA,NA,NA,NA,NA,NA,NA,NA,NA,NA,NA,NA,NA,NA,NA,NA
"118",2019-04-28,NA,NA,NA,NA,NA,NA,NA,NA,NA,NA,NA,NA,NA,NA,NA,NA,NA
"119",2019-04-29,52.2852380952381,6.395,41.5585714285714,49.0263157894737,NA,16.3180429644757,3.02024310628344,28.9167298091804,9.33478215571937,49.3,5.675,33.72,47,22.95,3.7925,47.61,7.5
"120",2019-04-30,NA,NA,NA,NA,NA,NA,NA,NA,NA,NA,NA,NA,NA,NA,NA,NA,NA
"121",2019-05-01,NA,NA,NA,NA,NA,NA,NA,NA,NA,NA,NA,NA,NA,NA,NA,NA,NA
"122",2019-05-02,NA,NA,NA,NA,NA,NA,NA,NA,NA,NA,NA,NA,NA,NA,NA,NA,NA
"123",2019-05-03,NA,NA,NA,NA,NA,NA,NA,NA,NA,NA,NA,NA,NA,NA,NA,NA,NA
"124",2019-05-04,46.02,NA,45.6891666666667,57.2380952380952,NA,11.616560891956,NA,17.2420315348649,10.693010623322,46.185,NA,43.435,55.5,12.455,NA,26.2375,6.75
"125",2019-05-05,40.0633333333333,3.50608695652174,61.7395833333333,51.4130434782609,NA,13.4600961514321,0.303580738555881,35.8592917410072,7.73003612527288,35.81,3.42,42.88,53.5,23.675,0.475,54.955,13.375
"126",2019-05-06,41.5529166666667,3.1895,80.5683333333333,51.9895833333333,NA,16.3781072004983,0.31585264718986,42.8612422131927,8.55019678348001,39.95,3.21,72.05,49.875,24.875,0.505,54.865,8.875
"127",2019-05-07,37.3278260869565,3.5815,56.9266666666667,39.9021739130435,NA,14.3318221757553,0.373479725370947,27.2078140416965,9.65417335876598,34.35,3.685,63.42,39.5,7.16,0.577500000000001,38.34,11.125
"128",2019-05-08,41.205,3.48,34.4104166666667,39.825,NA,11.0071214102112,0.359902764646231,17.630152402401,10.1138583922728,40.27,3.55,35.65,40.125,13.9575,0.59,31.7475,16.5625
"129",2019-05-09,45.64375,3.25304347826087,30.2158333333333,42.4479166666667,NA,21.5533166644749,0.34942075161627,18.540962386885,22.9116900063979,38,3.3,31.455,32.25,20.1425,0.64,27.085,10.875
"130",2019-05-10,49.5179166666667,3.13636363636364,44.2470833333333,42.0416666666667,NA,19.8612117015459,0.364372199223678,27.9766428167695,10.7606536356611,43.355,3.135,37.64,42,17.0075,0.500000000000001,42.7525,17.625
"131",2019-05-11,41.3579166666667,4.21272727272727,54.01375,34.5104166666667,NA,13.7695893592797,0.211326464170663,25.5067823567704,6.20198038439383,41.01,4.25,59.7,34.5,16.7825,0.242500000000001,42.9125,8.5
"132",2019-05-12,40.8208333333333,3.3995652173913,49.17375,38.6979166666667,NA,20.4648593652773,0.354625003744283,29.1877591693177,14.0356648141569,31.1,3.33,51.9,35.75,24.2325,0.425,42.7,13.625
"133",2019-05-13,40.3783333333333,3.29954545454545,57.79,37.0652173913044,NA,9.62575967263687,0.309230647047787,19.1972362141239,8.40630762613041,43.085,3.375,61.235,35,12.4125,0.4875,31.9675,7.375
"134",2019-05-14,43.9770833333333,2.84545454545455,50.7079166666667,42.8863636363636,NA,16.2118066153,0.53480505814404,16.4066304144992,7.66669019382801,38.01,2.86,52.56,40.875,21.445,0.8125,25.155,11.125
"135",2019-05-15,39.4029166666667,2.75130434782609,46.0529166666667,34.5,NA,15.8849996179515,0.408982155065542,23.564322420201,4.70372193055669,35.125,2.8,38.63,33.75,25.265,0.78,40.41,5.625
"136",2019-05-16,55.6416666666667,2.91541666666667,50.1033333333333,45.5520833333333,NA,23.3370315288751,0.3676361524384,37.0210493199966,19.1996064224078,51.1,3.035,42.285,41.125,36.015,0.4725,57.33,25.625
"137",2019-05-17,54.4845833333333,2.64304347826087,41.4745833333333,43.9479166666667,NA,27.3529308467264,0.30297666850779,30.7190214375346,18.2141516837313,39.6,2.72,39.735,36.625,40.1725,0.415,34.1475,25.1875
"138",2019-05-18,60.27875,2.55,46.9375,62.4479166666667,NA,23.6850579044,0.305500302426378,45.4027237499364,24.6716457531042,48.325,2.58,25.685,58.625,38.2325,0.35,54.6675,27.5625
"139",2019-05-19,48.5808333333333,2.78434782608696,48.0554166666667,50.0520833333333,NA,29.0757520246184,0.391927939653992,38.1384019613652,16.7071937068429,33.535,2.73,32.65,49,38.0525,0.6,48.43,28.1875
"140",2019-05-20,49.6470833333333,2.92666666666667,45.25,52.5520833333333,NA,26.9317489186804,0.306419244864268,28.7565625024362,19.1225991909793,37.685,2.975,44.66,44.25,36.08,0.41,41.09,17.3125
"141",2019-05-21,41.1908333333333,3.42545454545455,61.6166666666667,48.2083333333333,NA,13.9279587182749,0.204117782821755,35.4404654089897,11.1646926656689,35.61,3.435,49.42,49.875,23.575,0.3075,49.1175,16.9375
"142",2019-05-22,42.8404166666667,3.1875,74.3658333333333,39.8229166666667,NA,18.42508202546,0.191544069171516,43.4048260106465,7.64869950819528,37.215,3.135,61.8,38.125,22.49,0.3075,78.5325,10.1875
"143",2019-05-23,54.55625,2.38782608695652,39.91625,53.1770833333333,NA,23.0531444261902,0.347379233714121,38.0124672697627,14.0968079887262,46.615,2.27,25.55,49.875,35.795,0.515,41.4225,15.5
"144",2019-05-24,45.4836363636364,2.1165,58.0604166666667,45.5108695652174,NA,16.1119090960263,0.348262982906823,21.8375981079236,9.83485171725508,42.885,2.2,49.97,43.75,10.8275,0.5975,30.8475,9.875
"145",2019-05-25,41.6383333333333,3.13772727272727,69.49875,35.8125,NA,10.6683740934175,0.24543318008665,21.9355190050689,9.24081506380678,41.495,3.165,70.99,36.375,9.2925,0.274999999999999,30.825,12.4375
"146",2019-05-26,40.5470833333333,3.16130434782609,95.35,29.5,NA,10.2121472762957,0.1726874303955,37.3496428013884,6.8548257719388,40.11,3.2,89.85,28.5,13.6875,0.155,52.9175,10.25
"147",2019-05-27,54.0479166666667,3.27565217391304,83.1045833333333,37.1770833333333,NA,19.7397281993461,0.111143890641265,44.0615716409551,17.1963531217641,51.935,3.27,88.28,38.875,26.0125,0.115,54.2025,30.125
"148",2019-05-28,45.9391666666667,3.4247619047619,51.3245833333333,50.8152173913044,NA,19.5632994720186,0.133027029118862,31.924303537283,7.03813370766402,42.535,3.45,43.86,48.75,24.1175,0.2,55.3025,8.375
"149",2019-05-29,43.6075,2.88375,116.776666666667,44.0978260869565,NA,18.1181039054984,0.27221814302376,36.7690963891603,24.6534778952588,41.14,2.96,120.58,41.75,20.64,0.44,58.135,23
"150",2019-05-30,37.4395833333333,2.11739130434783,78.8758333333333,66.4791666666667,NA,14.8888392630671,0.228318306344143,35.7179597884492,14.7942256410682,35.39,2.15,82.385,62.75,12.175,0.325,69.5625,23.75
"151",2019-05-31,38.3333333333333,3.3215,105.843333333333,40.2727272727273,NA,24.2132756734932,0.138953797698144,44.665943418328,12.8875422245184,28.445,3.38,123.015,38.5,18.025,0.1475,67.76,12.0625
"152",2019-06-01,42.49,3.21,61.9966666666667,39.3125,NA,18.3747418792873,0.0916515138991168,33.2792365958986,22.0442058344039,40.605,3.2,69.86,30.625,31.51,0.1,46.4575,30.125
"153",2019-06-02,22.1177272727273,2.58565217391304,57.1204166666667,38.4285714285714,NA,4.03924666693724,0.13587514613044,25.3377685917712,6.85571971839156,23.125,2.55,51.87,36.75,3.3375,0.0900000000000003,41.5075,9.25
"154",2019-06-03,36.5604166666667,3.09894736842105,71.2191666666667,29.7727272727273,NA,12.8530826886568,0.124405016728163,22.6518804127137,7.60635272200821,36.19,3.12,67.79,27.25,16.7275,0.125,30.305,11.3125
"155",2019-06-04,NA,NA,NA,NA,NA,NA,NA,NA,NA,NA,NA,NA,NA,NA,NA,NA,NA
"156",2019-06-05,NA,NA,NA,NA,NA,NA,NA,NA,NA,NA,NA,NA,NA,NA,NA,NA,NA
"157",2019-06-06,NA,NA,NA,NA,NA,NA,NA,NA,NA,NA,NA,NA,NA,NA,NA,NA,NA
"158",2019-06-07,NA,NA,NA,NA,NA,NA,NA,NA,NA,NA,NA,NA,NA,NA,NA,NA,NA
"159",2019-06-08,NA,NA,NA,NA,NA,NA,NA,NA,NA,NA,NA,NA,NA,NA,NA,NA,NA
"160",2019-06-09,NA,NA,NA,NA,NA,NA,NA,NA,NA,NA,NA,NA,NA,NA,NA,NA,NA
"161",2019-06-10,NA,NA,NA,NA,NA,NA,NA,NA,NA,NA,NA,NA,NA,NA,NA,NA,NA
"162",2019-06-11,NA,NA,NA,NA,NA,NA,NA,NA,NA,NA,NA,NA,NA,NA,NA,NA,NA
"163",2019-06-12,20.0875,NA,26.2825,21.75,NA,3.71059265159718,NA,5.5849512473058,5.19042158118935,21.285,NA,26.52,20.125,5.0275,NA,8.965,5.5
"164",2019-06-13,19.2791666666667,NA,17.6825,36.5357142857143,NA,4.35900758217387,NA,7.21529248555967,28.3499653564918,19.615,NA,19.805,23.5,4.285,NA,11.1925,26.75
"165",2019-06-14,18.6233333333333,NA,13.7220833333333,39.4375,NA,4.08836596110036,NA,8.43532787392285,10.9569934982977,19.64,NA,13.605,37.5,4.09,NA,15.955,15.75
"166",2019-06-15,21.6270833333333,NA,15.8366666666667,35.2375,NA,6.38572489444513,NA,8.8752717859997,6.18491107454262,21.11,NA,15.175,36.75,9.6175,NA,14.335,9.625
"167",2019-06-16,20.6979166666667,3.13545454545455,25.0283333333333,33.0326086956522,NA,6.24379481820824,0.152181823353866,10.7850297480659,3.92493800459586,21.025,3.145,23.33,31.75,7.8725,0.21,11.815,5.25
"168",2019-06-17,23.8533333333333,2.93739130434783,26.0895833333333,39.6041666666667,NA,10.4583848893007,0.165782370794977,9.86443479029002,8.70154804651432,23.535,2.97,28.97,39.125,16.565,0.305,16.3125,13.5625
"169",2019-06-18,22.6916666666667,NA,24.5475,39.125,NA,6.13918750230076,NA,10.8627069450443,7.96747480459805,23.425,NA,23.63,37.375,6.6525,NA,14.47,11.25
"170",2019-06-19,25.4060869565217,2.77954545454545,23.8325,38.9347826086956,NA,8.19321045918256,0.110042298046285,10.7619915927991,6.63890795343852,28.38,2.785,24.465,37.75,11.565,0.115,11.7425,6.125
"171",2019-06-20,25.0320833333333,2.84,31.3429166666667,28.7608695652174,NA,8.71221879549519,0.18362511216656,9.47272949928724,5.75764228343787,25.82,2.85,33.385,30.75,8.86499999999999,0.245,10.63,10.25
"172",2019-06-21,26.6133333333333,2.70285714285714,34.6154166666667,45.0108695652174,NA,7.76043346316634,0.199528014502798,17.8720680731175,27.2086297996265,26.365,2.75,34.685,38.5,6.4525,0.25,28.7425,17.625
"173",2019-06-22,23.6016666666667,2.80409090909091,29.645,41.4130434782609,NA,6.12482380698961,0.236596081175715,8.44600239887126,15.9634897172444,24.675,2.78,28.005,40.5,7.26,0.315,9.65,16.5
"174",2019-06-23,23.1339130434783,NA,29.43375,NA,NA,7.26721638539096,NA,18.5577797614346,NA,21.12,NA,24.52,NA,9.625,NA,24.8525,NA
"175",2019-06-24,27.5083333333333,2.74347826086957,19.7558333333333,28.9895833333333,NA,8.95078459843249,0.178162558449304,15.6733509406937,7.18410048780225,24.895,2.8,11.745,28,11.6675,0.25,26.9375,8.25
"176",2019-06-25,26.1391666666667,3.00904761904762,17.79375,40.8695652173913,NA,7.62659016443337,0.106014374586881,13.4939596188684,14.2714888941875,24.84,2.98,12.525,37,8.68,0.13,27.26,12.25
"177",2019-06-26,24.5025,2.706,13.41,41.6847826086956,NA,8.16316501385818,0.164681510801911,6.55614016880691,10.7941001854823,22.86,2.75,13.48,42.75,10.5025,0.1425,10.965,21.25
"178",2019-06-27,21.3808333333333,NA,18.8966666666667,39.125,NA,7.16029566833458,NA,6.70584408762508,12.6704450818205,20.705,NA,20.26,36.125,9.355,NA,8.8725,9.5
"179",2019-06-28,21.6554166666667,NA,23.80875,37.8541666666667,NA,7.57940285543179,NA,9.56522883769078,12.3794001107263,21.685,NA,20.3,37.125,7.27249999999999,NA,14.59,19.375
"180",2019-06-29,20.1954166666667,2.97,26.2379166666667,29.7717391304348,NA,4.28123608640498,0.0511962169655039,12.0060350690688,5.52006311901818,20.095,2.98,24.07,30,5.83,0.0800000000000001,16.83,9.625
"181",2019-06-30,17.2895833333333,3.04210526315789,24.5754166666667,22.4285714285714,NA,4.39340561094908,0.051916487144518,7.14813869306985,2.67645154208756,17.5,3.05,25.125,22.25,5.8425,0.0899999999999999,9.6425,5
"182",2019-07-01,18.3616666666667,2.92904761904762,23.515,24.9347826086957,NA,5.31035057113989,0.0853759194331026,8.79205768070647,5.04706113366546,19.66,2.92,24.06,23.5,6.435,0.12,12.56,6.875
"183",2019-07-02,17.7254166666667,2.99333333333333,27.5404166666667,24.9270833333333,NA,5.19831409055455,0.103021033451103,10.997564741961,6.15845087746463,18.8,2.98,30.245,24.375,4.495,0.15,15.87,9.4375
"184",2019-07-03,18.2441666666667,2.44227272727273,21.2804166666667,22.4791666666667,NA,4.82548300503525,0.109932092380091,9.73855202127167,4.38928826226706,17.67,2.4,18.45,23.125,5.4875,0.135,14.215,5.8125
"185",2019-07-04,20.5654166666667,NA,12.6983333333333,39.6847826086956,NA,6.71949466213738,NA,8.34982200626049,34.3036422489144,18.95,NA,8.765,21.75,7.45499999999999,NA,14.3825,23.5
"186",2019-07-05,17.1904166666667,3.05181818181818,13.4141666666667,33.8333333333333,NA,5.42711668116823,0.122615790315245,9.04130325189647,10.0565430427665,16.6,3.065,11.685,32.375,5.0375,0.135,11.0225,12.125
"187",2019-07-06,18.6516666666667,NA,11.48625,25.4270833333333,NA,3.91867953210802,NA,8.97310174305989,4.81645682432426,18.5,NA,7.605,25.5,4.545,NA,15.375,6.5625
"188",2019-07-07,16.6870833333333,NA,14.8866666666667,32.9021739130435,NA,2.37587051170846,NA,9.38527879026588,13.1358157017445,16.525,NA,12.82,29,2.555,NA,15.405,12.75
"189",2019-07-08,16.70875,3.1085,13.5020833333333,24.5454545454545,NA,3.22431565034248,0.0686926794536821,5.73394998474317,6.99644312849154,17.3,3.12,13.7,23.125,5.3625,0.0699999999999998,8.82,6.4375
"190",2019-07-09,17.6554166666667,3.18571428571429,10.0095833333333,28.2717391304348,NA,4.25416826711492,0.0896421457000795,6.06254465096361,8.92325646436623,16.75,3.18,8.79,29.25,6.425,0.13,10.0825,10.375
"191",2019-07-10,19.3070833333333,2.98052631578947,18.2020833333333,36.0357142857143,NA,5.70757732748978,0.0526491198840152,9.19925846688632,5.09306250838194,20.01,2.98,17.335,35.25,6.7375,0.0499999999999998,15.8775,5.5
"192",2019-07-11,25.4933333333333,2.675,16.7491666666667,30.1847826086957,NA,8.76089317794495,0.0856860855866219,7.18471682094023,9.89094437515504,23.315,2.68,15.945,26.25,10.425,0.0575000000000001,5.8625,9.75
"193",2019-07-12,21.3945833333333,2.86111111111111,18.0933333333333,25.6022727272727,NA,5.39682271999132,0.0939266853573691,10.1316703917733,4.70982957109327,20.935,2.89,19.1,25.625,8.1125,0.0875000000000004,18.7925,5.125
"194",2019-07-13,20.0370833333333,NA,16.725,25.0104166666667,NA,8.29226799581952,NA,13.4755024105742,5.94653679201942,17.775,NA,14.88,24.375,11.7625,NA,14.12,5.875
"195",2019-07-14,19.09,NA,14.6125,29.0729166666667,NA,5.48490973331455,NA,12.4055465330073,7.914790490878,18.965,NA,12.055,27,8.3975,NA,21.505,9.9375
"196",2019-07-15,23.05875,NA,15.565,25.2395833333333,NA,7.84028577146655,NA,11.2019342273905,7.10613603754234,21.06,NA,9.065,23.875,11.355,NA,18.155,7.125
"197",2019-07-16,23.5729166666667,2.97833333333333,13.0179166666667,31.2604166666667,NA,7.69821237248519,0.0475580141078489,8.59754716242632,7.65118602864468,26.99,2.98,10.915,31.125,11.7975,0.0499999999999998,14.1125,9.25
"198",2019-07-17,26.7016666666667,2.998,10.515,31.6770833333333,NA,10.729804758006,0.0682564822447,6.08927139212538,9.83380349219916,26.775,2.99,9.5,31.875,15.45,0.0999999999999996,8.0575,13.375
"199",2019-07-18,28.3720833333333,2.9045,11.8608333333333,37.6666666666667,NA,11.3144739850322,0.0536533709148486,7.57961678316985,8.5184848026708,27.525,2.9,8.745,38.5,13.78,0.0775000000000001,13.71,11
"200",2019-07-19,22.8825,2.769,12.7641666666667,24.4318181818182,NA,6.99318441490496,0.273282194617097,6.4705150098546,6.76439462420952,22.275,2.875,10.71,27.25,6.98,0.322500000000001,7.7125,12.375
"201",2019-07-20,20.615,2.93263157894737,16.1321739130435,31.6547619047619,NA,4.76771296918363,0.130930096076034,6.15014926391055,18.122064622732,21.65,2.95,15.37,26,6.18249999999999,0.16,8.79,15.75
"202",2019-07-21,18.81125,2.57857142857143,17.04125,18.4047619047619,NA,5.18495592409257,0.055703295619354,10.7359976804977,4.42893623689438,17.91,2.58,16.32,19,4.4275,0.0500000000000003,15.18,4.25
"203",2019-07-22,21.7629166666667,2.7555,18.8625,NA,NA,6.65709460008589,0.106448653300423,10.6049480862965,NA,23.06,2.76,16.925,NA,7.7925,0.155,17.5,NA
"204",2019-07-23,23.50375,2.87722222222222,15.6991666666667,23.5131578947368,NA,3.54672146526534,0.0631343623743703,9.53201512372072,5.39834959617966,23.95,2.89,13.715,23,2.87,0.085,14.6275,6.25
"205",2019-07-24,22.3204166666667,2.77238095238095,16.5058333333333,30.9239130434783,NA,4.10040981956753,0.0760857911771154,13.401579373721,11.4567950219035,22.275,2.77,11.055,27.75,5.5025,0.0800000000000001,23.14,11.625
"206",2019-07-25,22.8191666666667,2.632,14.6270833333333,26.6979166666667,NA,5.95929155161093,0.0681020905467821,12.3116369409866,7.42095269822382,22.815,2.635,9.725,23.75,5.6875,0.0900000000000003,13.37,10.9375
"207",2019-07-26,20.3925,3.06545454545455,11.3291666666667,24.4895833333333,NA,4.28300813630469,0.206160530902897,8.50718617797134,6.42789402199282,19.7,3.05,10.54,22.875,6.73,0.29,14.6925,9.5
"208",2019-07-27,19.0883333333333,NA,14.6141666666667,25.6136363636364,NA,4.71388851454256,NA,7.54332351885725,4.5999011847094,19.21,NA,15.43,26.125,6.54,NA,11.2275,4.0625
"209",2019-07-28,NA,NA,NA,NA,NA,NA,NA,NA,NA,NA,NA,NA,NA,NA,NA,NA,NA
"210",2019-07-29,NA,NA,NA,NA,NA,NA,NA,NA,NA,NA,NA,NA,NA,NA,NA,NA,NA
"211",2019-07-30,21.5275,NA,12.3154166666667,27.3333333333333,NA,6.06741277861387,NA,6.55951879144822,10.8002700583519,21.125,NA,13.105,25,5.69,NA,11.4025,7.75
"212",2019-07-31,24.5404166666667,NA,10.0642857142857,37.53125,NA,4.56695453578028,NA,7.2375379594366,12.7520911541734,23.635,NA,7.47,31.25,5.535,NA,13.01,22.1875
"213",2019-08-01,20.5866666666667,NA,13.2213636363636,27.0909090909091,NA,4.32903209050011,NA,5.85294007963157,3.98176308052566,21.135,NA,11.98,26.875,5.54,NA,7.78,5.375
"214",2019-08-02,19.8770833333333,NA,13.08625,22.3020833333333,NA,4.79425242770755,NA,7.12456852240434,5.24921276016216,21.435,NA,14.84,22.875,6.145,NA,10.7675,5.625
"215",2019-08-03,18.6275,NA,15.8708333333333,20.9204545454545,NA,4.3701489876105,NA,6.4728684029817,3.92366626083398,19.265,NA,14.38,21,3.48,NA,9.6275,4.125
"216",2019-08-04,14.11625,NA,15.80875,24,NA,2.7613667260348,NA,5.03187087041408,6.43881459069395,13.865,NA,14.43,22.125,3.3575,NA,10.6625,4.375
"217",2019-08-05,15.6383333333333,NA,8.80583333333333,19.8333333333333,NA,3.26943109885266,NA,4.22776939507952,4.93034819595263,16.275,NA,8.325,19.25,5.435,NA,3.9025,4.75
"218",2019-08-06,18.0620833333333,NA,10.4533333333333,20.2894736842105,NA,5.37307213488398,NA,5.89125045164929,7.14350091083902,19.215,NA,10.42,20,6.435,NA,8.5975,4.625
"219",2019-08-07,15.42,3.21619047619048,6.80291666666667,NA,NA,2.87085656055895,0.0628868977193334,3.34898749029388,NA,15.735,3.23,6.73,NA,2.7475,0.0699999999999998,4.1575,NA
"220",2019-08-08,16.835,NA,7.3225,20.85,NA,4.97277107596087,NA,4.8443460993652,3.93733813368212,16.75,NA,6.695,21,5.7025,NA,7.0525,7.5
"221",2019-08-09,18.1616666666667,3.07166666666667,9.48083333333333,20.6625,NA,4.5493245238374,0.0882026651804102,5.87318217328389,4.61068196234513,18.24,3.065,7.75,21.5,4.675,0.1275,8.67,6.5
"222",2019-08-10,18.75125,2.82291666666667,12.7895833333333,20.5,NA,3.42276942598801,0.122455996237394,5.18256313887306,3.77142999544288,18.475,2.85,12.87,20.25,3.995,0.1775,7.2425,3.6875
"223",2019-08-11,15.37625,2.985,11.5795833333333,20.2727272727273,NA,3.1746301564804,0.104150700530782,5.43874304465628,5.03730670839675,15.685,3,13.57,19.125,4.8175,0.1425,7.58,5.3125
"224",2019-08-12,18.7183333333333,3.17157894736842,8.37238095238095,26.6739130434783,NA,6.55532353638374,0.08795599644107,5.36740431192015,3.9545965650234,16.99,3.2,5.35,25.25,9.9725,0.105,9.5,4.75
"225",2019-08-13,20.5916666666667,3.03157894736842,9.72958333333333,24.5789473684211,NA,5.17663031800373,0.115097212916094,7.01525262439336,5.41285290841966,20.615,3.02,8.88,23.5,6.6225,0.16,10.82,5.5
"226",2019-08-14,20.33875,2.80045454545455,15.6858333333333,22.2604166666667,NA,5.38251138450704,0.102700548184528,6.45146893732546,3.73982617494992,20.195,2.82,16.045,22,4.63,0.1325,8.2075,4.5625
"227",2019-08-15,18.725,3.01347826086957,19.7926086956522,19.45,NA,5.73167476852742,0.102185601887945,8.12075299766049,6.16099786859581,19.985,3,22.22,21.125,7.405,0.165,6.48,9.125
"228",2019-08-16,19.9504166666667,2.94347826086957,8.39217391304348,NA,NA,4.66941992409509,0.168404510187178,4.42049972136197,NA,20.545,2.97,7.31,NA,6.37,0.245,5.69,NA
"229",2019-08-17,21.1070833333333,2.8675,9.03565217391304,27.1666666666667,NA,7.35816286095964,0.0732605300496652,5.50299986460852,19.4918786506928,20.71,2.9,9.89,23.5,9.9275,0.0774999999999997,8.63,11.75
"230",2019-08-18,19.5713043478261,3.1305,7.25166666666667,29.8913043478261,NA,6.54953662784824,0.135159749536379,7.11807413643358,9.17996400485507,17.12,3.09,4.135,26.75,8.775,0.1125,10.5475,8.375
"231",2019-08-19,22.70875,2.83304347826087,8.10583333333333,NA,NA,5.88776425604682,0.232797898744982,6.54214425469779,NA,22.135,2.85,5.88,NA,9.045,0.29,11.2,NA
"232",2019-08-20,22.9475,2.73954545454545,4.94318181818182,27.6904761904762,NA,5.69648499553434,0.14153839367153,4.09003945302154,10.9341508477753,24.95,2.76,3.32,28.25,9.1,0.26,5.5625,12
"233",2019-08-21,19.38625,3.08473684210526,5.53583333333333,22.175,NA,3.48017592321448,0.101563796100592,2.66301058246467,7.18464188024486,19.075,3.1,5.97,21.75,3.65,0.14,4.1425,8.9375
"234",2019-08-22,18.9633333333333,3.01285714285714,4.16681818181818,19.9791666666667,NA,5.14916849907673,0.235863156451847,3.237417233895,5.73173690699551,18.325,3.08,3.36,19.375,8.9175,0.43,4.11,5.25
"235",2019-08-23,18.1179166666667,2.87190476190476,4.77166666666667,19.8541666666667,NA,3.78847563604777,0.223150600438785,4.17879914794198,4.55636002382018,17.985,2.92,3.31,20.625,3.4475,0.3,5.5575,5.625
"236",2019-08-24,16.8795833333333,3.09347826086957,5.91454545454545,21.6630434782609,NA,4.96855195348632,0.238415387995829,3.32334416668157,15.8964348303702,16.45,3.1,5.2,16.75,6.74,0.37,4.7925,9.375
"237",2019-08-25,16.3745833333333,2.84428571428571,7.62954545454545,19.2613636363636,NA,3.07719943139532,0.212804403821242,6.55446084177844,8.18152581848977,16.31,2.85,6.01,17.125,4.9175,0.38,12.2125,12.375
"238",2019-08-26,19.0708695652174,3.3105,10.3633333333333,16.3478260869565,NA,5.82940423670727,0.231095218470656,10.3890111956427,6.70978725886958,18.65,3.34,6.425,14,5.9,0.2825,10.875,9.375
"239",2019-08-27,21.4747826086957,3.372,10.5970833333333,13.2916666666667,NA,5.06172704048836,0.198138707395655,7.93772855428108,4.50945062369422,21.55,3.385,7.29,12.875,6.235,0.2675,11.0075,5.6875
"240",2019-08-28,21.3641666666667,3.49086956521739,8.02375,12.7604166666667,NA,4.43392153120999,0.210732770102936,6.67970372455441,4.22304699308415,20.91,3.45,5.49,13.625,5.78,0.375,9.415,6.0625
"241",2019-08-29,21.4366666666667,NA,6.78428571428571,14.0978260869565,NA,4.51899244894514,NA,5.08932369910637,5.66073955698509,20.55,NA,4.85,15,5.995,NA,7.55,8.75
"242",2019-08-30,19.0583333333333,NA,10.07,19.0869565217391,NA,3.3661843534556,NA,8.4604404243463,7.39341256843649,19.86,NA,8.335,17.5,4.18,NA,10.65,11
"243",2019-08-31,19.4804166666667,3.29210526315789,7.96708333333333,19.2608695652174,NA,5.26873755951219,0.177719471432693,3.90602486597605,13.2114529904389,18.975,3.27,6.73,16.75,6.9225,0.285,5.9675,6.625
"244",2019-09-01,NA,NA,NA,NA,NA,NA,NA,NA,NA,NA,NA,NA,NA,NA,NA,NA,NA
"245",2019-09-02,NA,NA,NA,NA,NA,NA,NA,NA,NA,NA,NA,NA,NA,NA,NA,NA,NA
"246",2019-09-03,NA,NA,NA,NA,NA,NA,NA,NA,NA,NA,NA,NA,NA,NA,NA,NA,NA
"247",2019-09-04,NA,NA,NA,NA,NA,NA,NA,NA,NA,NA,NA,NA,NA,NA,NA,NA,NA
"248",2019-09-05,NA,NA,NA,NA,NA,NA,NA,NA,NA,NA,NA,NA,NA,NA,NA,NA,NA
"249",2019-09-06,NA,NA,NA,NA,NA,NA,NA,NA,NA,NA,NA,NA,NA,NA,NA,NA,NA
"250",2019-09-07,NA,NA,NA,NA,NA,NA,NA,NA,NA,NA,NA,NA,NA,NA,NA,NA,NA
"251",2019-09-08,NA,NA,NA,NA,NA,NA,NA,NA,NA,NA,NA,NA,NA,NA,NA,NA,NA
"252",2019-09-09,NA,NA,NA,NA,NA,NA,NA,NA,NA,NA,NA,NA,NA,NA,NA,NA,NA
"253",2019-09-10,NA,NA,NA,NA,NA,NA,NA,NA,NA,NA,NA,NA,NA,NA,NA,NA,NA
"254",2019-09-11,NA,NA,NA,NA,NA,NA,NA,NA,NA,NA,NA,NA,NA,NA,NA,NA,NA
"255",2019-09-12,NA,NA,NA,NA,NA,NA,NA,NA,NA,NA,NA,NA,NA,NA,NA,NA,NA
"256",2019-09-13,NA,NA,NA,NA,NA,NA,NA,NA,NA,NA,NA,NA,NA,NA,NA,NA,NA
"257",2019-09-14,NA,NA,NA,NA,NA,NA,NA,NA,NA,NA,NA,NA,NA,NA,NA,NA,NA
"258",2019-09-15,NA,NA,NA,NA,NA,NA,NA,NA,NA,NA,NA,NA,NA,NA,NA,NA,NA
"259",2019-09-16,NA,NA,NA,NA,NA,NA,NA,NA,NA,NA,NA,NA,NA,NA,NA,NA,NA
"260",2019-09-17,NA,NA,NA,NA,NA,NA,NA,NA,NA,NA,NA,NA,NA,NA,NA,NA,NA
"261",2019-09-18,NA,NA,NA,NA,NA,NA,NA,NA,NA,NA,NA,NA,NA,NA,NA,NA,NA
"262",2019-09-19,NA,NA,NA,NA,NA,NA,NA,NA,NA,NA,NA,NA,NA,NA,NA,NA,NA
"263",2019-09-20,NA,NA,NA,NA,NA,NA,NA,NA,NA,NA,NA,NA,NA,NA,NA,NA,NA
"264",2019-09-21,NA,NA,NA,NA,NA,NA,NA,NA,NA,NA,NA,NA,NA,NA,NA,NA,NA
"265",2019-09-22,NA,NA,NA,NA,NA,NA,NA,NA,NA,NA,NA,NA,NA,NA,NA,NA,NA
"266",2019-09-23,NA,NA,NA,NA,NA,NA,NA,NA,NA,NA,NA,NA,NA,NA,NA,NA,NA
"267",2019-09-24,NA,NA,NA,NA,NA,NA,NA,NA,NA,NA,NA,NA,NA,NA,NA,NA,NA
"268",2019-09-25,NA,NA,NA,NA,NA,NA,NA,NA,NA,NA,NA,NA,NA,NA,NA,NA,NA
"269",2019-09-26,NA,NA,NA,NA,NA,NA,NA,NA,NA,NA,NA,NA,NA,NA,NA,NA,NA
"270",2019-09-27,NA,NA,NA,NA,NA,NA,NA,NA,NA,NA,NA,NA,NA,NA,NA,NA,NA
"271",2019-09-28,NA,NA,NA,NA,NA,NA,NA,NA,NA,NA,NA,NA,NA,NA,NA,NA,NA
"272",2019-09-29,NA,NA,NA,NA,NA,NA,NA,NA,NA,NA,NA,NA,NA,NA,NA,NA,NA
"273",2019-09-30,NA,NA,NA,NA,NA,NA,NA,NA,NA,NA,NA,NA,NA,NA,NA,NA,NA
"274",2019-10-01,NA,NA,NA,NA,NA,NA,NA,NA,NA,NA,NA,NA,NA,NA,NA,NA,NA
"275",2019-10-02,NA,NA,NA,NA,NA,NA,NA,NA,NA,NA,NA,NA,NA,NA,NA,NA,NA
"276",2019-10-03,NA,NA,NA,NA,NA,NA,NA,NA,NA,NA,NA,NA,NA,NA,NA,NA,NA
"277",2019-10-04,NA,NA,NA,NA,NA,NA,NA,NA,NA,NA,NA,NA,NA,NA,NA,NA,NA
"278",2019-10-05,NA,NA,NA,NA,NA,NA,NA,NA,NA,NA,NA,NA,NA,NA,NA,NA,NA
"279",2019-10-06,NA,NA,NA,NA,NA,NA,NA,NA,NA,NA,NA,NA,NA,NA,NA,NA,NA
"280",2019-10-07,NA,NA,NA,NA,NA,NA,NA,NA,NA,NA,NA,NA,NA,NA,NA,NA,NA
"281",2019-10-08,NA,NA,NA,NA,NA,NA,NA,NA,NA,NA,NA,NA,NA,NA,NA,NA,NA
"282",2019-10-09,NA,NA,NA,NA,NA,NA,NA,NA,NA,NA,NA,NA,NA,NA,NA,NA,NA
"283",2019-10-10,NA,NA,NA,NA,NA,NA,NA,NA,NA,NA,NA,NA,NA,NA,NA,NA,NA
"284",2019-10-11,NA,NA,NA,NA,NA,NA,NA,NA,NA,NA,NA,NA,NA,NA,NA,NA,NA
"285",2019-10-12,NA,NA,NA,NA,NA,NA,NA,NA,NA,NA,NA,NA,NA,NA,NA,NA,NA
"286",2019-10-13,NA,NA,NA,NA,NA,NA,NA,NA,NA,NA,NA,NA,NA,NA,NA,NA,NA
"287",2019-10-14,NA,NA,NA,NA,NA,NA,NA,NA,NA,NA,NA,NA,NA,NA,NA,NA,NA
"288",2019-10-15,NA,NA,NA,NA,NA,NA,NA,NA,NA,NA,NA,NA,NA,NA,NA,NA,NA
"289",2019-10-16,NA,NA,NA,NA,NA,NA,NA,NA,NA,NA,NA,NA,NA,NA,NA,NA,NA
"290",2019-10-17,NA,NA,NA,NA,NA,NA,NA,NA,NA,NA,NA,NA,NA,NA,NA,NA,NA
"291",2019-10-18,NA,NA,NA,NA,NA,NA,NA,NA,NA,NA,NA,NA,NA,NA,NA,NA,NA
"292",2019-10-19,NA,NA,NA,NA,NA,NA,NA,NA,NA,NA,NA,NA,NA,NA,NA,NA,NA
"293",2019-10-20,NA,NA,NA,NA,NA,NA,NA,NA,NA,NA,NA,NA,NA,NA,NA,NA,NA
"294",2019-10-21,NA,NA,NA,NA,NA,NA,NA,NA,NA,NA,NA,NA,NA,NA,NA,NA,NA
"295",2019-10-22,NA,NA,NA,NA,NA,NA,NA,NA,NA,NA,NA,NA,NA,NA,NA,NA,NA
"296",2019-10-23,NA,NA,NA,NA,NA,NA,NA,NA,NA,NA,NA,NA,NA,NA,NA,NA,NA
"297",2019-10-24,NA,NA,NA,NA,NA,NA,NA,NA,NA,NA,NA,NA,NA,NA,NA,NA,NA
"298",2019-10-25,NA,NA,NA,NA,NA,NA,NA,NA,NA,NA,NA,NA,NA,NA,NA,NA,NA
"299",2019-10-26,NA,NA,NA,NA,NA,NA,NA,NA,NA,NA,NA,NA,NA,NA,NA,NA,NA
"300",2019-10-27,NA,NA,NA,NA,NA,NA,NA,NA,NA,NA,NA,NA,NA,NA,NA,NA,NA
"301",2019-10-28,NA,NA,NA,NA,NA,NA,NA,NA,NA,NA,NA,NA,NA,NA,NA,NA,NA
"302",2019-10-29,NA,NA,NA,NA,NA,NA,NA,NA,NA,NA,NA,NA,NA,NA,NA,NA,NA
"303",2019-10-30,NA,NA,NA,NA,NA,NA,NA,NA,NA,NA,NA,NA,NA,NA,NA,NA,NA
"304",2019-10-31,NA,NA,NA,NA,NA,NA,NA,NA,NA,NA,NA,NA,NA,NA,NA,NA,NA
"305",2019-11-01,NA,NA,NA,NA,NA,NA,NA,NA,NA,NA,NA,NA,NA,NA,NA,NA,NA
"306",2019-11-02,NA,NA,NA,NA,NA,NA,NA,NA,NA,NA,NA,NA,NA,NA,NA,NA,NA
"307",2019-11-03,NA,NA,NA,NA,NA,NA,NA,NA,NA,NA,NA,NA,NA,NA,NA,NA,NA
"308",2019-11-04,NA,NA,NA,NA,NA,NA,NA,NA,NA,NA,NA,NA,NA,NA,NA,NA,NA
"309",2019-11-05,NA,NA,NA,NA,NA,NA,NA,NA,NA,NA,NA,NA,NA,NA,NA,NA,NA
"310",2019-11-06,NA,NA,NA,NA,NA,NA,NA,NA,NA,NA,NA,NA,NA,NA,NA,NA,NA
"311",2019-11-07,NA,NA,NA,NA,NA,NA,NA,NA,NA,NA,NA,NA,NA,NA,NA,NA,NA
"312",2019-11-08,NA,NA,NA,NA,NA,NA,NA,NA,NA,NA,NA,NA,NA,NA,NA,NA,NA
"313",2019-11-09,NA,NA,NA,NA,NA,NA,NA,NA,NA,NA,NA,NA,NA,NA,NA,NA,NA
"314",2019-11-10,NA,NA,NA,NA,NA,NA,NA,NA,NA,NA,NA,NA,NA,NA,NA,NA,NA
"315",2019-11-11,NA,NA,NA,NA,NA,NA,NA,NA,NA,NA,NA,NA,NA,NA,NA,NA,NA
"316",2019-11-12,NA,NA,NA,NA,NA,NA,NA,NA,NA,NA,NA,NA,NA,NA,NA,NA,NA
"317",2019-11-13,NA,NA,NA,NA,NA,NA,NA,NA,NA,NA,NA,NA,NA,NA,NA,NA,NA
"318",2019-11-14,NA,NA,NA,NA,NA,NA,NA,NA,NA,NA,NA,NA,NA,NA,NA,NA,NA
"319",2019-11-15,NA,NA,NA,NA,NA,NA,NA,NA,NA,NA,NA,NA,NA,NA,NA,NA,NA
"320",2019-11-16,NA,NA,NA,NA,NA,NA,NA,NA,NA,NA,NA,NA,NA,NA,NA,NA,NA
"321",2019-11-17,NA,NA,NA,NA,NA,NA,NA,NA,NA,NA,NA,NA,NA,NA,NA,NA,NA
"322",2019-11-18,NA,NA,NA,NA,NA,NA,NA,NA,NA,NA,NA,NA,NA,NA,NA,NA,NA
"323",2019-11-19,NA,NA,NA,NA,NA,NA,NA,NA,NA,NA,NA,NA,NA,NA,NA,NA,NA
"324",2019-11-20,NA,NA,NA,NA,NA,NA,NA,NA,NA,NA,NA,NA,NA,NA,NA,NA,NA
"325",2019-11-21,NA,NA,NA,NA,NA,NA,NA,NA,NA,NA,NA,NA,NA,NA,NA,NA,NA
"326",2019-11-22,NA,NA,NA,NA,NA,NA,NA,NA,NA,NA,NA,NA,NA,NA,NA,NA,NA
"327",2019-11-23,NA,NA,NA,NA,NA,NA,NA,NA,NA,NA,NA,NA,NA,NA,NA,NA,NA
"328",2019-11-24,NA,NA,NA,NA,NA,NA,NA,NA,NA,NA,NA,NA,NA,NA,NA,NA,NA
"329",2019-11-25,NA,NA,NA,NA,NA,NA,NA,NA,NA,NA,NA,NA,NA,NA,NA,NA,NA
"330",2019-11-26,NA,NA,NA,NA,NA,NA,NA,NA,NA,NA,NA,NA,NA,NA,NA,NA,NA
"331",2019-11-27,NA,NA,NA,NA,NA,NA,NA,NA,NA,NA,NA,NA,NA,NA,NA,NA,NA
"332",2019-11-28,NA,NA,NA,NA,NA,NA,NA,NA,NA,NA,NA,NA,NA,NA,NA,NA,NA
"333",2019-11-29,NA,NA,NA,NA,NA,NA,NA,NA,NA,NA,NA,NA,NA,NA,NA,NA,NA
"334",2019-11-30,NA,NA,NA,NA,NA,NA,NA,NA,NA,NA,NA,NA,NA,NA,NA,NA,NA
"335",2019-12-01,NA,NA,NA,NA,NA,NA,NA,NA,NA,NA,NA,NA,NA,NA,NA,NA,NA
"336",2019-12-02,NA,NA,NA,NA,NA,NA,NA,NA,NA,NA,NA,NA,NA,NA,NA,NA,NA
"337",2019-12-03,NA,NA,NA,NA,NA,NA,NA,NA,NA,NA,NA,NA,NA,NA,NA,NA,NA
"338",2019-12-04,NA,NA,NA,NA,NA,NA,NA,NA,NA,NA,NA,NA,NA,NA,NA,NA,NA
"339",2019-12-05,NA,NA,NA,NA,NA,NA,NA,NA,NA,NA,NA,NA,NA,NA,NA,NA,NA
"340",2019-12-06,NA,NA,NA,NA,NA,NA,NA,NA,NA,NA,NA,NA,NA,NA,NA,NA,NA
"341",2019-12-07,NA,NA,NA,NA,NA,NA,NA,NA,NA,NA,NA,NA,NA,NA,NA,NA,NA
"342",2019-12-08,NA,NA,NA,NA,NA,NA,NA,NA,NA,NA,NA,NA,NA,NA,NA,NA,NA
"343",2019-12-09,NA,NA,NA,NA,NA,NA,NA,NA,NA,NA,NA,NA,NA,NA,NA,NA,NA
"344",2019-12-10,NA,NA,NA,NA,NA,NA,NA,NA,NA,NA,NA,NA,NA,NA,NA,NA,NA
"345",2019-12-11,NA,NA,NA,NA,NA,NA,NA,NA,NA,NA,NA,NA,NA,NA,NA,NA,NA
"346",2019-12-12,NA,NA,NA,NA,NA,NA,NA,NA,NA,NA,NA,NA,NA,NA,NA,NA,NA
"347",2019-12-13,NA,NA,NA,NA,NA,NA,NA,NA,NA,NA,NA,NA,NA,NA,NA,NA,NA
"348",2019-12-14,NA,NA,NA,NA,NA,NA,NA,NA,NA,NA,NA,NA,NA,NA,NA,NA,NA
"349",2019-12-15,NA,NA,NA,NA,NA,NA,NA,NA,NA,NA,NA,NA,NA,NA,NA,NA,NA
"350",2019-12-16,NA,NA,NA,NA,NA,NA,NA,NA,NA,NA,NA,NA,NA,NA,NA,NA,NA
"351",2019-12-17,NA,NA,NA,NA,NA,NA,NA,NA,NA,NA,NA,NA,NA,NA,NA,NA,NA
"352",2019-12-18,NA,NA,NA,NA,NA,NA,NA,NA,NA,NA,NA,NA,NA,NA,NA,NA,NA
"353",2019-12-19,NA,NA,NA,NA,NA,NA,NA,NA,NA,NA,NA,NA,NA,NA,NA,NA,NA
"354",2019-12-20,NA,NA,NA,NA,NA,NA,NA,NA,NA,NA,NA,NA,NA,NA,NA,NA,NA
"355",2019-12-21,NA,NA,NA,NA,NA,NA,NA,NA,NA,NA,NA,NA,NA,NA,NA,NA,NA
"356",2019-12-22,NA,NA,NA,NA,NA,NA,NA,NA,NA,NA,NA,NA,NA,NA,NA,NA,NA
"357",2019-12-23,NA,NA,NA,NA,NA,NA,NA,NA,NA,NA,NA,NA,NA,NA,NA,NA,NA
"358",2019-12-24,NA,NA,NA,NA,NA,NA,NA,NA,NA,NA,NA,NA,NA,NA,NA,NA,NA
"359",2019-12-25,NA,NA,NA,NA,NA,NA,NA,NA,NA,NA,NA,NA,NA,NA,NA,NA,NA
"360",2019-12-26,NA,NA,NA,NA,NA,NA,NA,NA,NA,NA,NA,NA,NA,NA,NA,NA,NA
"361",2019-12-27,NA,NA,NA,NA,NA,NA,NA,NA,NA,NA,NA,NA,NA,NA,NA,NA,NA
"362",2019-12-28,NA,NA,NA,NA,NA,NA,NA,NA,NA,NA,NA,NA,NA,NA,NA,NA,NA
"363",2019-12-29,NA,NA,NA,NA,NA,NA,NA,NA,NA,NA,NA,NA,NA,NA,NA,NA,NA
"364",2019-12-30,NA,NA,NA,NA,NA,NA,NA,NA,NA,NA,NA,NA,NA,NA,NA,NA,NA
"365",2019-12-31,NA,NA,NA,NA,NA,NA,NA,NA,NA,NA,NA,NA,NA,NA,NA,NA,NA
